Workbook

Sheet INVENTARIO
A1: ITEM | B1: CODIGO | C1: TIPO CODIGO | D1: ALMACEN | E1: TIPO | F1: PRODUCTO | G1: MARCA | H1: MODELO | I1: UM | J1: STOCK | K1: MONEDA | L1: CU | M1: CP | N1: FECHA COMPRA | O1: ORIGEN | P1: ESTADO
A2: 1 | B2: F06227027162 | C2: FABRICA | D2: IMPORTADOS | E2: EQUIPO | F2: INVERSOR DE FRECUENCIA SOLAR HIBRIDO 2.2 KW MONOFASICO 220 V | G2: INVT | H2: GD100-2R2G-2-PV | I2: UND | J2: 92 | K2: DOLARES | L2: 60 | M2: =IF(OR(J2="",L2=""),"",ROUND(J2*L2,2)) | N2: 45958 | O2: EXCEL ORIGINAL | P2: =IF(OR(K2="",L2=""),"FALTA","OK")
A3: 2 | B3: @BBMO5B0100030013 | C3: FABRICA | D3: IMPORTADOS | E3: EQUIPO | F3: INVERSOR DE FRECUENCIA SOLAR HIBRIDO 5.5 KW MONOFASICO 220 V | G3: USFULL | H3: FU9000SI-5R5G-S2 | I3: UND | J3: 32 | K3: DOLARES | L3: 198 | M3: =IF(OR(J3="",L3=""),"",ROUND(J3*L3,2)) | N3: 45958 | O3: EXCEL ORIGINAL | P3: =IF(OR(K3="",L3=""),"FALTA","OK")
A4: 3 | B4: @BBMO5B0100040024 | C4: FABRICA | D4: IMPORTADOS | E4: EQUIPO | F4: INVERSOR DE FRECUENCIA SOLAR HIBRIDO 5.5 KW TRIFASICO 380 V | G4: USFULL | H4: FU9000SI-5R5G-9 | I4: UND | J4: 32 | K4: DOLARES | L4: 128 | M4: =IF(OR(J4="",L4=""),"",ROUND(J4*L4,2)) | N4: 45958 | O4: EXCEL ORIGINAL | P4: =IF(OR(K4="",L4=""),"FALTA","OK")
A5: 4 | B5: 6019241016168 | C5: FABRICA | D5: IMPORTADOS | E5: EQUIPO | F5: INVERSOR DE FRECUENCIA SOLAR HIBRIDO 11 KW TRIFASICO 380 V | G5: USFULL | H5: FU9000SI-011G-4 | I5: UND | J5: 28 | K5: DOLARES | L5: 170 | M5: =IF(OR(J5="",L5=""),"",ROUND(J5*L5,2)) | N5: 45958 | O5: EXCEL ORIGINAL | P5: =IF(OR(K5="",L5=""),"FALTA","OK")
A6: 5 | B6: @BBMO5B0100130006 | C6: FABRICA | D6: IMPORTADOS | E6: EQUIPO | F6: INVERSOR DE FRECUENCIA SOLAR HIBRIDO 22 KW TRIFASICO 380 V | G6: USFULL | H6: FU9000SI-022G-9 | I6: UND | J6: 6 | K6: DOLARES | L6: 303 | M6: =IF(OR(J6="",L6=""),"",ROUND(J6*L6,2)) | N6: 45958 | O6: EXCEL ORIGINAL | P6: =IF(OR(K6="",L6=""),"FALTA","OK")
A7: 6 | B7: @BBMO5B0100140002 | C7: FABRICA | D7: IMPORTADOS | E7: EQUIPO | F7: INVERSOR DE FRECUENCIA SOLAR HIBRIDO 55 KW TRIFASICO 380 V | G7: USFULL | H7: FU9000SI-055G-9 | I7: UND | J7: 5 | K7: DOLARES | L7: 650 | M7: =IF(OR(J7="",L7=""),"",ROUND(J7*L7,2)) | N7: 45958 | O7: EXCEL ORIGINAL | P7: =IF(OR(K7="",L7=""),"FALTA","OK")
A8: 7 | B8: @BBMO5B0100150004 | C8: FABRICA | D8: IMPORTADOS | E8: EQUIPO | F8: INVERSOR DE FRECUENCIA SOLAR HIBRIDO 75 KW TRIFASICO 380 V | G8: USFULL | H8: FU9000SI-075G-9 | I8: UND | J8: 4 | K8: DOLARES | L8: 850 | M8: =IF(OR(J8="",L8=""),"",ROUND(J8*L8,2)) | N8: 45958 | O8: EXCEL ORIGINAL | P8: =IF(OR(K8="",L8=""),"FALTA","OK")
A9: 8 | B9: @BBMO5B0100050003 | C9: FABRICA | D9: IMPORTADOS | E9: EQUIPO | F9: INVERSOR DE FRECUENCIA SOLAR HIBRIDO 110 KW TRIFASICO 380 V | G9: USFULL | H9: FU9000SI-110G-9 | I9: UND | J9: 5 | K9: DOLARES | L9: 1160 | M9: =IF(OR(J9="",L9=""),"",ROUND(J9*L9,2)) | N9: 45958 | O9: EXCEL ORIGINAL | P9: =IF(OR(K9="",L9=""),"FALTA","OK")
A10: 9 | B10: PROENERGIM-009 | C10: QR INTERNO | D10: IMPORTADOS | E10: EQUIPO | F10: INVERSOR DE FRECUENCIA SOLAR HIBRIDO 200 KW TRIFASICO 380 V | I10: UND | J10: 1 | K10: DOLARES | L10: 2070 | M10: =IF(OR(J10="",L10=""),"",ROUND(J10*L10,2)) | N10: 45958 | O10: EXCEL ORIGINAL | P10: =IF(OR(K10="",L10=""),"FALTA","OK")
A11: 10 | B11: NO 3010705523 | C11: FABRICA | D11: IMPORTADOS | E11: EQUIPO | F11: DISYUNTOR DE CC , 2 POLOS, 600V CC. 16 A | G11: USFULL | H11: FMB7N-63PV | I11: UND | J11: 360 | K11: DOLARES | L11: 4.4 | M11: =IF(OR(J11="",L11=""),"",ROUND(J11*L11,2)) | N11: 45958 | O11: EXCEL ORIGINAL | P11: =IF(OR(K11="",L11=""),"FALTA","OK")
A12: 11 | B12: 3014001058 | C12: FABRICA | D12: IMPORTADOS | E12: EQUIPO | F12: DISYUNTOR DE CAJA MOLDEADA DE CC, 2 POLOS, 320 A | G12: USFULL (prob.) | H12: FMM3-PV 320H 2P 320A | I12: UND | J12: 12 | K12: DOLARES | L12: 35.2 | M12: =IF(OR(J12="",L12=""),"",ROUND(J12*L12,2)) | N12: 45958 | O12: EXCEL ORIGINAL | P12: =IF(OR(K12="",L12=""),"FALTA","OK")
A13: 12 | B13: 3014001071 | C13: FABRICA | D13: IMPORTADOS | E13: EQUIPO | F13: DISYUNTOR DE CAJA MOLDEADA DE CC, 2 POLOS, 500 A | G13: USFULL (prob.) | H13: FMM3-PV 800H 2P 500A | I13: UND | J13: 12 | K13: DOLARES | L13: 59.1 | M13: =IF(OR(J13="",L13=""),"",ROUND(J13*L13,2)) | N13: 45958 | O13: EXCEL ORIGINAL | P13: =IF(OR(K13="",L13=""),"FALTA","OK")
A14: 13 | B14: 3014001074 | C14: FABRICA | D14: IMPORTADOS | E14: EQUIPO | F14: DISYUNTOR DE CAJA MOLDEADA DE CC, 2 POLOS, 800 A | G14: USFULL (prob.) | H14: FMM3-PV 800H 2P 800A | I14: UND | J14: 8 | K14: DOLARES | L14: 90.7 | M14: =IF(OR(J14="",L14=""),"",ROUND(J14*L14,2)) | N14: 45958 | O14: EXCEL ORIGINAL | P14: =IF(OR(K14="",L14=""),"FALTA","OK")
A15: 14 | B15: NO 3014003203 | C15: FABRICA | D15: IMPORTADOS | E15: EQUIPO | F15: SUPRESOR DE PICOS DE CC, 2 POLOS, 40 kA, 800 V CC | G15: USFULL | H15: FLY1-40PV T2 (2P) | I15: UND | J15: 120 | K15: DOLARES | L15: 3.9 | M15: =IF(OR(J15="",L15=""),"",ROUND(J15*L15,2)) | N15: 45958 | O15: EXCEL ORIGINAL | P15: =IF(OR(K15="",L15=""),"FALTA","OK")
A16: 15 | B16: PROENERGIM-015 | C16: QR INTERNO | D16: IMPORTADOS | E16: EQUIPO | F16: CONECTOR MC4 DE 6 MM 1000 V CC | I16: UND | J16: 1000 | K16: DOLARES | L16: 0.5 | M16: =IF(OR(J16="",L16=""),"",ROUND(J16*L16,2)) | N16: 45958 | O16: EXCEL ORIGINAL | P16: =IF(OR(K16="",L16=""),"FALTA","OK")
A17: 16 | B17: PROENERGIM-016 | C17: QR INTERNO | D17: IMPORTADOS | E17: EQUIPO | F17: Repuestos (2,2 kW, 5,5 kW, 11 kW) | G17: INVT (Goodrive) | H17: Modulos/Main Control Board/Power Panel | I17: UND | J17: 0.04 | K17: DOLARES | L17: 0.04 | M17: =IF(OR(J17="",L17=""),"",ROUND(J17*L17,2)) | N17: 45958 | O17: EXCEL ORIGINAL | P17: =IF(OR(K17="",L17=""),"FALTA","OK")
A18: 17 | B18: PROENERGIM-017 | C18: QR INTERNO | D18: LAS MERCEDES | E18: EPP | F18: CHALECO DRILL AMARILLO S-XL CON CINTA REFLECTIVA /BORDADO | I18: UND | J18: 50 | K18: SOLES | L18: 28 | M18: =IF(OR(J18="",L18=""),"",ROUND(J18*L18,2)) | N18: 45958 | O18: EXCEL ORIGINAL | P18: =IF(OR(K18="",L18=""),"FALTA","OK")
A19: 18 | B19: PROENERGIM-018 | C19: QR INTERNO | D19: LAS MERCEDES | E19: EPP | F19: GORRO DRILL SIN TAPANUCA CON BORDADO | I19: UND | J19: 50 | K19: SOLES | L19: 11 | M19: =IF(OR(J19="",L19=""),"",ROUND(J19*L19,2)) | N19: 45958 | O19: EXCEL ORIGINAL | P19: =IF(OR(K19="",L19=""),"FALTA","OK")
A20: 19 | B20: PROENERGIM-019 | C20: QR INTERNO | D20: LAS MERCEDES | E20: EPP | F20: SOMBRERO SAFARI DRILL TAPANUCA BEIGE | G20: - | H20: Logo Proenergim (sol+panel) | I20: UND | J20: 50 | K20: SOLES | L20: 4 | M20: =IF(OR(J20="",L20=""),"",ROUND(J20*L20,2)) | N20: 45967 | O20: EXCEL ORIGINAL | P20: =IF(OR(K20="",L20=""),"FALTA","OK")
A21: 20 | B21: (01)17799045023173 | C21: FABRICA | D21: LAS MERCEDES | E21: EPP | F21: GUANTEHILO AMARILLO STREELPRO | G21: STEELPRO SAFETY | H21: Multiflex | I21: UND | J21: 50 | K21: SOLES | L21: 2.92 | M21: =IF(OR(J21="",L21=""),"",ROUND(J21*L21,2)) | N21: 45958 | O21: EXCEL ORIGINAL | P21: =IF(OR(K21="",L21=""),"FALTA","OK")
A22: 21 | B22: 352451590099 | C22: FABRICA | D22: LAS MERCEDES | E22: EPP | F22: LENTES TRASNPARENTES LENTE SPY LUNA CLARA STEELPRO | G22: STEELPRO SAFETY | H22: SPY AF CLARO | I22: UND | J22: 50 | K22: SOLES | L22: 2.91 | M22: =IF(OR(J22="",L22=""),"",ROUND(J22*L22,2)) | N22: 45958 | O22: EXCEL ORIGINAL | P22: =IF(OR(K22="",L22=""),"FALTA","OK")
A23: 22 | B23: PROENERGIM-022 | C23: QR INTERNO | D23: LAS MERCEDES | E23: EPP | F23: TAPON AUDITIVOS AUDITIVO EN BOLSITA SEGLPRO | G23: SEGPRO | H23: Confort 2000 | I23: UND | J23: 100 | K23: SOLES | L23: 0.6 | M23: =IF(OR(J23="",L23=""),"",ROUND(J23*L23,2)) | N23: 45958 | O23: EXCEL ORIGINAL | P23: =IF(OR(K23="",L23=""),"FALTA","OK")
A24: 23 | B24: PROENERGIM-023 | C24: QR INTERNO | D24: LAS MERCEDES | E24: EPP | F24: MARCARILLA 7502 CON FILTRO 2097 ASA | I24: UND | J24: 3 | K24: SOLES | L24: 30 | M24: =IF(OR(J24="",L24=""),"",ROUND(J24*L24,2)) | N24: 45958 | O24: EXCEL ORIGINAL | P24: =IF(OR(K24="",L24=""),"FALTA","OK")
A25: 24 | B25: PROENERGIM-024 | C25: QR INTERNO | D25: LAS MERCEDES | E25: EPP | F25: CASCO JOCKEY STEELPRO AZUL | I25: UND | J25: 20 | K25: SOLES | L25: 15.5 | M25: =IF(OR(J25="",L25=""),"",ROUND(J25*L25,2)) | N25: 45958 | O25: EXCEL ORIGINAL | P25: =IF(OR(K25="",L25=""),"FALTA","OK")
A26: 25 | B26: PROENERGIM-025 | C26: QR INTERNO | D26: LAS MERCEDES | E26: EPP | F26: BLUSA OXFORD CELESTE TALLA L | I26: UND | J26: 3 | K26: SOLES | L26: 30 | M26: =IF(OR(J26="",L26=""),"",ROUND(J26*L26,2)) | N26: 45958 | O26: EXCEL ORIGINAL | P26: =IF(OR(K26="",L26=""),"FALTA","OK")
A27: 26 | B27: PROENERGIM-026 | C27: QR INTERNO | D27: LAS MERCEDES | E27: EPP | F27: POLO MANGA LARGA ESTAMPADO PECHO Y ESPALDA | I27: UND | J27: 50 | K27: SOLES | L27: 11 | M27: =IF(OR(J27="",L27=""),"",ROUND(J27*L27,2)) | N27: 45958 | O27: EXCEL ORIGINAL | P27: =IF(OR(K27="",L27=""),"FALTA","OK")
A28: 27 | B28: PROENERGIM-027 | C28: QR INTERNO | D28: LAS MERCEDES | E28: FERRETERIA | F28: ESCALERA MULTIUSO DE 12 PASOS | I28: UND | J28: 1 | K28: SOLES | L28: 530 | M28: =IF(OR(J28="",L28=""),"",ROUND(J28*L28,2)) | N28: 45982 | O28: EXCEL ORIGINAL | P28: =IF(OR(K28="",L28=""),"FALTA","OK")
A29: 28 | B29: PROENERGIM-028 | C29: QR INTERNO | D29: LAS MERCEDES | E29: FERRETERIA | F29: ESCALERA MULTIUSO DE 24 PASOS | I29: UND | J29: 1 | K29: SOLES | L29: 820 | M29: =IF(OR(J29="",L29=""),"",ROUND(J29*L29,2)) | N29: 45982 | O29: EXCEL ORIGINAL | P29: =IF(OR(K29="",L29=""),"FALTA","OK")
A30: 29 | B30: PROENERGIM-029 | C30: QR INTERNO | D30: LAS MERCEDES | E30: FERRETERIA | F30: PERNOS DE DOS GROSORES DOS CAJAS | I30: UND | J30: 2 | K30: SOLES | M30: =IF(OR(J30="",L30=""),"",ROUND(J30*L30,2)) | O30: EXCEL ORIGINAL | P30: =IF(OR(K30="",L30=""),"FALTA","OK")
A31: 30 | B31: PROENERGIM-030 | C31: QR INTERNO | D31: LAS MERCEDES | E31: FERRETERIA | F31: CODO CLASE 10 CON ROSCA | I31: UND | J31: 2 | M31: =IF(OR(J31="",L31=""),"",ROUND(J31*L31,2)) | O31: EXCEL ORIGINAL | P31: =IF(OR(K31="",L31=""),"FALTA","OK")
A32: 31 | B32: PROENERGIM-031 | C32: QR INTERNO | D32: LAS MERCEDES | E32: FERRETERIA | F32: CODO | I32: UND | J32: 2 | M32: =IF(OR(J32="",L32=""),"",ROUND(J32*L32,2)) | O32: EXCEL ORIGINAL | P32: =IF(OR(K32="",L32=""),"FALTA","OK")
A33: 32 | B33: PROENERGIM-032 | C33: QR INTERNO | D33: LAS MERCEDES | E33: FERRETERIA | F33: VARIADOR - LAS MERCEDES | I33: UND | J33: 2 | M33: =IF(OR(J33="",L33=""),"",ROUND(J33*L33,2)) | O33: EXCEL ORIGINAL | P33: =IF(OR(K33="",L33=""),"FALTA","OK")
A34: 33 | B34: PROENERGIM-033 | C34: QR INTERNO | D34: LAS MERCEDES | E34: FERRETERIA | F34: CODOS | I34: UND | J34: 1 | M34: =IF(OR(J34="",L34=""),"",ROUND(J34*L34,2)) | O34: EXCEL ORIGINAL | P34: =IF(OR(K34="",L34=""),"FALTA","OK")
A35: 34 | B35: PROENERGIM-034 | C35: QR INTERNO | D35: LAS MERCEDES | E35: FERRETERIA | F35: CODITO | I35: UND | J35: 3 | M35: =IF(OR(J35="",L35=""),"",ROUND(J35*L35,2)) | O35: EXCEL ORIGINAL | P35: =IF(OR(K35="",L35=""),"FALTA","OK")
A36: 35 | B36: PROENERGIM-035 | C36: QR INTERNO | D36: LAS MERCEDES | E36: FERRETERIA | F36: CODO | I36: UND | J36: 1 | M36: =IF(OR(J36="",L36=""),"",ROUND(J36*L36,2)) | O36: EXCEL ORIGINAL | P36: =IF(OR(K36="",L36=""),"FALTA","OK")
A37: 36 | B37: PROENERGIM-036 | C37: QR INTERNO | D37: LAS MERCEDES | E37: FERRETERIA | F37: PEGAMENTO | I37: UND | J37: 1 | M37: =IF(OR(J37="",L37=""),"",ROUND(J37*L37,2)) | O37: EXCEL ORIGINAL | P37: =IF(OR(K37="",L37=""),"FALTA","OK")
A38: 37 | B38: PROENERGIM-037 | C38: QR INTERNO | D38: LAS MERCEDES | E38: FERRETERIA | F38: CODO | I38: UND | J38: 1 | M38: =IF(OR(J38="",L38=""),"",ROUND(J38*L38,2)) | O38: EXCEL ORIGINAL | P38: =IF(OR(K38="",L38=""),"FALTA","OK")
A39: 38 | B39: PROENERGIM-038 | C39: QR INTERNO | D39: LAS MERCEDES | E39: FERRETERIA | F39: VENTILADOR - LAS MERCEDES | I39: UND | J39: 1 | M39: =IF(OR(J39="",L39=""),"",ROUND(J39*L39,2)) | O39: EXCEL ORIGINAL | P39: =IF(OR(K39="",L39=""),"FALTA","OK")
A40: 39 | B40: PROENERGIM-039 | C40: QR INTERNO | D40: ALMACEN 2 | E40: EPP | F40: PONCHOS | I40: UND | J40: 1 | M40: =IF(OR(J40="",L40=""),"",ROUND(J40*L40,2)) | O40: EXCEL ORIGINAL | P40: =IF(OR(K40="",L40=""),"FALTA","OK")
A41: 40 | B41: 27501206689619 | C41: FABRICA | D41: LAS MERCEDES | E41: FERRETERIA | F41: TECLE | G41: TRUPER | H41: POL-2 (cod 16826) | I41: UND | J41: 2 | M41: =IF(OR(J41="",L41=""),"",ROUND(J41*L41,2)) | O41: EXCEL ORIGINAL | P41: =IF(OR(K41="",L41=""),"FALTA","OK")
A42: 41 | B42: PROENERGIM-041 | C42: QR INTERNO | D42: LAS MERCEDES | E42: FERRETERIA | F42: FOCOS | I42: UND | J42: 1 | M42: =IF(OR(J42="",L42=""),"",ROUND(J42*L42,2)) | O42: EXCEL ORIGINAL | P42: =IF(OR(K42="",L42=""),"FALTA","OK")
A43: 42 | B43: PROENERGIM-042 | C43: QR INTERNO | D43: LAS MERCEDES | E43: FERRETERIA | F43: PERNOS | I43: UND | J43: 3 | M43: =IF(OR(J43="",L43=""),"",ROUND(J43*L43,2)) | O43: EXCEL ORIGINAL | P43: =IF(OR(K43="",L43=""),"FALTA","OK")
A44: 43 | B44: PROENERGIM-043 | C44: QR INTERNO | D44: LAS MERCEDES | E44: FERRETERIA | F44: PERNO | I44: UND | J44: 62 | M44: =IF(OR(J44="",L44=""),"",ROUND(J44*L44,2)) | O44: EXCEL ORIGINAL | P44: =IF(OR(K44="",L44=""),"FALTA","OK")
A45: 44 | B45: PROENERGIM-044 | C45: QR INTERNO | D45: LAS MERCEDES | E45: FERRETERIA | F45: TARUGOS | I45: UND | J45: 19 | M45: =IF(OR(J45="",L45=""),"",ROUND(J45*L45,2)) | O45: EXCEL ORIGINAL | P45: =IF(OR(K45="",L45=""),"FALTA","OK")
A46: 45 | B46: PROENERGIM-045 | C46: QR INTERNO | D46: LAS MERCEDES | E46: FERRETERIA | F46: TARUGOS | I46: UND | J46: 75 | M46: =IF(OR(J46="",L46=""),"",ROUND(J46*L46,2)) | O46: EXCEL ORIGINAL | P46: =IF(OR(K46="",L46=""),"FALTA","OK")
A47: 46 | B47: PROENERGIM-046 | C47: QR INTERNO | D47: LAS MERCEDES | E47: FERRETERIA | F47: TIRAFONES | I47: UND | J47: 84 | M47: =IF(OR(J47="",L47=""),"",ROUND(J47*L47,2)) | O47: EXCEL ORIGINAL | P47: =IF(OR(K47="",L47=""),"FALTA","OK")
A48: 47 | B48: C1215550013 | C48: FABRICA | D48: LAS MERCEDES | E48: FERRETERIA | F48: CINTILLOS | G48: ATLANTIC Industry | H48: Nylon Cable Ties 4.8x300mm | I48: UND | J48: 2 | M48: =IF(OR(J48="",L48=""),"",ROUND(J48*L48,2)) | O48: EXCEL ORIGINAL | P48: =IF(OR(K48="",L48=""),"FALTA","OK")
A49: 48 | B49: PROENERGIM-048 | C49: QR INTERNO | D49: LAS MERCEDES | E49: FERRETERIA | F49: TARUGITOS | I49: UND | J49: 59 | M49: =IF(OR(J49="",L49=""),"",ROUND(J49*L49,2)) | O49: EXCEL ORIGINAL | P49: =IF(OR(K49="",L49=""),"FALTA","OK")
A50: 49 | B50: C1115550016 | C50: FABRICA | D50: LAS MERCEDES | E50: FERRETERIA | F50: CINTILLOS | G50: ATLANTIC Industry | H50: Nylon Cable Ties 2.5x100mm | I50: UND | J50: 12 | M50: =IF(OR(J50="",L50=""),"",ROUND(J50*L50,2)) | O50: EXCEL ORIGINAL | P50: =IF(OR(K50="",L50=""),"FALTA","OK")
A51: 50 | B51: PROENERGIM-050 | C51: QR INTERNO | D51: LAS MERCEDES | E51: EQUIPO | F51: PANELES | I51: UND | J51: 75 | M51: =IF(OR(J51="",L51=""),"",ROUND(J51*L51,2)) | O51: EXCEL ORIGINAL | P51: =IF(OR(K51="",L51=""),"FALTA","OK")
A52: 51 | B52: PROENERGIM-051 | C52: QR INTERNO | D52: LAS MERCEDES | E52: FERRETERIA | F52: CHAPA | I52: UND | J52: 107 | M52: =IF(OR(J52="",L52=""),"",ROUND(J52*L52,2)) | O52: EXCEL ORIGINAL | P52: =IF(OR(K52="",L52=""),"FALTA","OK")
A53: 52 | B53: PROENERGIM-052 | C53: QR INTERNO | D53: LAS MERCEDES | E53: FERRETERIA | F53: SOPLADORA | I53: UND | J53: 1 | M53: =IF(OR(J53="",L53=""),"",ROUND(J53*L53,2)) | O53: EXCEL ORIGINAL | P53: =IF(OR(K53="",L53=""),"FALTA","OK")
A54: 53 | B54: PROENERGIM-053 | C54: QR INTERNO | D54: LAS MERCEDES | E54: FERRETERIA | F54: LLAVE ESTRILPOL | G54: - | H54: Llave Stillson 24" | I54: UND | J54: 1 | M54: =IF(OR(J54="",L54=""),"",ROUND(J54*L54,2)) | O54: EXCEL ORIGINAL | P54: =IF(OR(K54="",L54=""),"FALTA","OK")
A55: 54 | B55: PROENERGIM-054 | C55: QR INTERNO | D55: LAS MERCEDES | E55: FERRETERIA | F55: SOPLADORA | I55: UND | J55: 1 | M55: =IF(OR(J55="",L55=""),"",ROUND(J55*L55,2)) | O55: EXCEL ORIGINAL | P55: =IF(OR(K55="",L55=""),"FALTA","OK")
A56: 55 | B56: PROENERGIM-055 | C56: QR INTERNO | D56: LAS MERCEDES | E56: FERRETERIA | F56: TALADRO PERCUTOR MILWAUKEE M18 | G56: Milwaukee | H56: M18 Brushless | I56: UND | J56: 1 | M56: =IF(OR(J56="",L56=""),"",ROUND(J56*L56,2)) | O56: EXCEL ORIGINAL | P56: =IF(OR(K56="",L56=""),"FALTA","OK")
A57: 56 | B57: PROENERGIM-056 | C57: QR INTERNO | D57: LAS MERCEDES | E57: FERRETERIA | F57: CABLE (POR UNIDAD / ROLLO) | G57: - | H57: - | I57: UND | J57: 1 | M57: =IF(OR(J57="",L57=""),"",ROUND(J57*L57,2)) | O57: EXCEL ORIGINAL | P57: =IF(OR(K57="",L57=""),"FALTA","OK")
A58: 57 | B58: PROENERGIM-057 | C58: QR INTERNO | D58: LAS MERCEDES | E58: FERRETERIA | F58: DISCOS | I58: UND | J58: 2 | M58: =IF(OR(J58="",L58=""),"",ROUND(J58*L58,2)) | O58: EXCEL ORIGINAL | P58: =IF(OR(K58="",L58=""),"FALTA","OK")
A59: 58 | B59: PROENERGIM-058 | C59: QR INTERNO | D59: LAS MERCEDES | E59: FERRETERIA | F59: ALICATE | I59: UND | J59: 13 | M59: =IF(OR(J59="",L59=""),"",ROUND(J59*L59,2)) | O59: EXCEL ORIGINAL | P59: =IF(OR(K59="",L59=""),"FALTA","OK")
A60: 59 | B60: PROENERGIM-059 | C60: QR INTERNO | D60: LAS MERCEDES | E60: FERRETERIA | F60: ESCUADRA | I60: UND | J60: 1 | M60: =IF(OR(J60="",L60=""),"",ROUND(J60*L60,2)) | O60: EXCEL ORIGINAL | P60: =IF(OR(K60="",L60=""),"FALTA","OK")
A61: 60 | B61: PROENERGIM-060 | C61: QR INTERNO | D61: LAS MERCEDES | E61: FERRETERIA | F61: TALADRO 2 (POR IDENTIFICAR) | I61: UND | J61: 1 | M61: =IF(OR(J61="",L61=""),"",ROUND(J61*L61,2)) | O61: EXCEL ORIGINAL | P61: =IF(OR(K61="",L61=""),"FALTA","OK")
A62: 61 | B62: PROENERGIM-061 | C62: QR INTERNO | D62: LAS MERCEDES | E62: FERRETERIA | F62: MOLADORA | G62: Dkamax | H62: DKM-660 | I62: UND | J62: 1 | M62: =IF(OR(J62="",L62=""),"",ROUND(J62*L62,2)) | O62: EXCEL ORIGINAL | P62: =IF(OR(K62="",L62=""),"FALTA","OK")
A63: 62 | B63: PROENERGIM-062 | C63: QR INTERNO | D63: LAS MERCEDES | E63: FERRETERIA | F63: NIVELADORA | I63: UND | J63: 2 | M63: =IF(OR(J63="",L63=""),"",ROUND(J63*L63,2)) | O63: EXCEL ORIGINAL | P63: =IF(OR(K63="",L63=""),"FALTA","OK")
A64: 63 | B64: PROENERGIM-063 | C64: QR INTERNO | D64: LAS MERCEDES | E64: FERRETERIA | F64: BANDEJA REJILLA BF2R-100X65 EZ1000 - L=3M BASOR | I64: UND | J64: 30 | K64: SOLES | L64: 59.93 | M64: =IF(OR(J64="",L64=""),"",ROUND(J64*L64,2)) | N64: 45985 | O64: EXCEL ORIGINAL | P64: =IF(OR(K64="",L64=""),"FALTA","OK")
A65: 64 | B65: PROENERGIM-064 | C65: QR INTERNO | D65: LAS MERCEDES | E65: FERRETERIA | F65: POLEA | I65: UND | J65: 1 | M65: =IF(OR(J65="",L65=""),"",ROUND(J65*L65,2)) | O65: EXCEL ORIGINAL | P65: =IF(OR(K65="",L65=""),"FALTA","OK")
A66: 65 | B66: PROENERGIM-065 | C66: QR INTERNO | D66: LAS MERCEDES | E66: FERRETERIA | F66: SIERRA | I66: UND | J66: 1 | M66: =IF(OR(J66="",L66=""),"",ROUND(J66*L66,2)) | O66: EXCEL ORIGINAL | P66: =IF(OR(K66="",L66=""),"FALTA","OK")
A67: 66 | B67: 6941545632056 | C67: FABRICA | D67: LAS MERCEDES | E67: FERRETERIA | F67: CAMARA | G67: EZVIZ | H67: CS-H7c (EZH7C44WF) | I67: UND | J67: 1 | M67: =IF(OR(J67="",L67=""),"",ROUND(J67*L67,2)) | O67: EXCEL ORIGINAL | P67: =IF(OR(K67="",L67=""),"FALTA","OK")
A68: 67 | B68: MI20260410J00000899 | C68: FABRICA | D68: LAS MERCEDES | E68: FERRETERIA | F68: BATERIA | G68: SONNE technology | H68: GEL-100 | I68: UND | J68: 1 | M68: =IF(OR(J68="",L68=""),"",ROUND(J68*L68,2)) | O68: EXCEL ORIGINAL | P68: =IF(OR(K68="",L68=""),"FALTA","OK")
A69: 68 | B69: PROENERGIM-068 | C69: QR INTERNO | D69: LAS MERCEDES | E69: FERRETERIA | F69: MEMORIAS | I69: UND | J69: 3 | M69: =IF(OR(J69="",L69=""),"",ROUND(J69*L69,2)) | O69: EXCEL ORIGINAL | P69: =IF(OR(K69="",L69=""),"FALTA","OK")
A70: 69 | B70: PROENERGIM-069 | C70: QR INTERNO | D70: LAS MERCEDES | E70: FERRETERIA | F70: CLAVOS | I70: UND | J70: 13 | M70: =IF(OR(J70="",L70=""),"",ROUND(J70*L70,2)) | O70: EXCEL ORIGINAL | P70: =IF(OR(K70="",L70=""),"FALTA","OK")
A71: 70 | B71: PROENERGIM-070 | C71: QR INTERNO | D71: LAS MERCEDES | E71: FERRETERIA | F71: COMPRESORA - LAS MERCEDES | I71: UND | J71: 1 | M71: =IF(OR(J71="",L71=""),"",ROUND(J71*L71,2)) | O71: EXCEL ORIGINAL | P71: =IF(OR(K71="",L71=""),"FALTA","OK")
A72: 71 | B72: PROENERGIM-071 | C72: QR INTERNO | D72: LAS MERCEDES | E72: FERRETERIA | F72: ABRASADERA | I72: UND | J72: 1 | M72: =IF(OR(J72="",L72=""),"",ROUND(J72*L72,2)) | O72: EXCEL ORIGINAL | P72: =IF(OR(K72="",L72=""),"FALTA","OK")
A73: 72 | B73: PROENERGIM-072 | C73: QR INTERNO | D73: LAS MERCEDES | E73: FERRETERIA | F73: PUNTERAS | I73: UND | J73: 0 | M73: =IF(OR(J73="",L73=""),"",ROUND(J73*L73,2)) | O73: EXCEL ORIGINAL | P73: =IF(OR(K73="",L73=""),"FALTA","OK")
A74: 73 | B74: PROENERGIM-073 | C74: QR INTERNO | D74: LAS MERCEDES | E74: FERRETERIA | F74: SOLDADORA | I74: UND | J74: 1 | M74: =IF(OR(J74="",L74=""),"",ROUND(J74*L74,2)) | O74: EXCEL ORIGINAL | P74: =IF(OR(K74="",L74=""),"FALTA","OK")
A75: 74 | B75: PROENERGIM-074 | C75: QR INTERNO | D75: LAS MERCEDES | E75: FERRETERIA | F75: NIVEL DE MANO | I75: UND | J75: 1 | M75: =IF(OR(J75="",L75=""),"",ROUND(J75*L75,2)) | O75: EXCEL ORIGINAL | P75: =IF(OR(K75="",L75=""),"FALTA","OK")
A76: 75 | B76: PROENERGIM-075 | C76: QR INTERNO | D76: LAS MERCEDES | E76: FERRETERIA | F76: ESCUADRAS | I76: UND | J76: 2 | M76: =IF(OR(J76="",L76=""),"",ROUND(J76*L76,2)) | O76: EXCEL ORIGINAL | P76: =IF(OR(K76="",L76=""),"FALTA","OK")
A77: 76 | B77: PROENERGIM-076 | C77: QR INTERNO | D77: LAS MERCEDES | E77: FERRETERIA | F77: CABLE (POR METRO) | G77: - | H77: - | I77: METROS | J77: 250 | M77: =IF(OR(J77="",L77=""),"",ROUND(J77*L77,2)) | O77: EXCEL ORIGINAL | P77: =IF(OR(K77="",L77=""),"FALTA","OK")
A78: 77 | B78: PROENERGIM-077 | C78: QR INTERNO | D78: LAS MERCEDES | E78: FERRETERIA | F78: PANELES | I78: UND | J78: 4 | M78: =IF(OR(J78="",L78=""),"",ROUND(J78*L78,2)) | O78: EXCEL ORIGINAL | P78: =IF(OR(K78="",L78=""),"FALTA","OK")
A79: 78 | B79: PROENERGIM-078 | C79: QR INTERNO | D79: LAS MERCEDES | E79: FERRETERIA | F79: SOGA | I79: UND | J79: 0 | M79: =IF(OR(J79="",L79=""),"",ROUND(J79*L79,2)) | O79: EXCEL ORIGINAL | P79: =IF(OR(K79="",L79=""),"FALTA","OK")
A80: 79 | B80: PROENERGIM-079 | C80: QR INTERNO | D80: LAS MERCEDES | E80: FERRETERIA | F80: LLAVES | I80: UND | J80: 11 | M80: =IF(OR(J80="",L80=""),"",ROUND(J80*L80,2)) | O80: EXCEL ORIGINAL | P80: =IF(OR(K80="",L80=""),"FALTA","OK")
A81: 80 | B81: PROENERGIM-080 | C81: QR INTERNO | D81: LAS MERCEDES | E81: FERRETERIA | F81: VERNNIER | I81: UND | J81: 1 | M81: =IF(OR(J81="",L81=""),"",ROUND(J81*L81,2)) | O81: EXCEL ORIGINAL | P81: =IF(OR(K81="",L81=""),"FALTA","OK")
A82: 81 | B82: 2024012410C | C82: FABRICA | D82: LAS MERCEDES | E82: FERRETERIA | F82: CONTROLADOR | G82: LDSOLAR | H82: SD2410C | I82: UND | J82: 1 | M82: =IF(OR(J82="",L82=""),"",ROUND(J82*L82,2)) | O82: EXCEL ORIGINAL | P82: =IF(OR(K82="",L82=""),"FALTA","OK")
A83: 82 | B83: PROENERGIM-082 | C83: QR INTERNO | D83: LAS MERCEDES | E83: FERRETERIA | F83: SPD | G83: USFULL | H83: FLY1-40PV 3P | I83: UND | J83: 1 | M83: =IF(OR(J83="",L83=""),"",ROUND(J83*L83,2)) | O83: EXCEL ORIGINAL | P83: =IF(OR(K83="",L83=""),"FALTA","OK")
A84: 83 | B84: PROENERGIM-083 | C84: QR INTERNO | D84: LAS MERCEDES | E84: FERRETERIA | F84: ANTENA | I84: UND | J84: 3 | M84: =IF(OR(J84="",L84=""),"",ROUND(J84*L84,2)) | O84: EXCEL ORIGINAL | P84: =IF(OR(K84="",L84=""),"FALTA","OK")
A85: 84 | B85: PROENERGIM-084 | C85: QR INTERNO | D85: LAS MERCEDES | E85: FERRETERIA | F85: MODULOS | I85: UND | J85: 2 | M85: =IF(OR(J85="",L85=""),"",ROUND(J85*L85,2)) | O85: EXCEL ORIGINAL | P85: =IF(OR(K85="",L85=""),"FALTA","OK")
A86: 85 | B86: PROENERGIM-085 | C86: QR INTERNO | D86: ALMACEN 2 | E86: FERRETERIA | F86: TESTEADOR 1 (POR IDENTIFICAR) | I86: UND | J86: 1 | M86: =IF(OR(J86="",L86=""),"",ROUND(J86*L86,2)) | O86: EXCEL ORIGINAL | P86: =IF(OR(K86="",L86=""),"FALTA","OK")
A87: 86 | B87: 6935750550298 | C87: FABRICA | D87: ALMACEN 2 | E87: FERRETERIA | F87: MEGAMETRO | G87: UNI-T (prob.) | H87: UT501E | I87: UND | J87: 1 | M87: =IF(OR(J87="",L87=""),"",ROUND(J87*L87,2)) | O87: EXCEL ORIGINAL | P87: =IF(OR(K87="",L87=""),"FALTA","OK")
A88: 87 | B88: PROENERGIM-087 | C88: QR INTERNO | D88: ALMACEN 2 | E88: FERRETERIA | F88: VARIADOR - ALMACEN 2 | I88: UND | J88: 2 | M88: =IF(OR(J88="",L88=""),"",ROUND(J88*L88,2)) | O88: EXCEL ORIGINAL | P88: =IF(OR(K88="",L88=""),"FALTA","OK")
A89: 88 | B89: WA240909001262 | C89: FABRICA | D89: ALMACEN 2 | E89: FERRETERIA | F89: INVERSOR | G89: GOSPOWER | H89: GPEO-6KL1 | I89: UND | J89: 1 | M89: =IF(OR(J89="",L89=""),"",ROUND(J89*L89,2)) | O89: EXCEL ORIGINAL | P89: =IF(OR(K89="",L89=""),"FALTA","OK")
A90: 89 | B90: 616150301040082 | C90: FABRICA | D90: ALMACEN 2 | E90: FERRETERIA | F90: IMPULSOR | G90: Franklin Electric | H90: 85SSI03F66-0343 | I90: UND | J90: 1 | M90: =IF(OR(J90="",L90=""),"",ROUND(J90*L90,2)) | O90: EXCEL ORIGINAL | P90: =IF(OR(K90="",L90=""),"FALTA","OK")
A91: 90 | B91: EL03P2017503 | C91: FABRICA | D91: ALMACEN 2 | E91: FERRETERIA | F91: IMPULSOR | G91: PEDROLLO | H91: 4SR75G/30 | I91: UND | J91: 1 | M91: =IF(OR(J91="",L91=""),"",ROUND(J91*L91,2)) | O91: EXCEL ORIGINAL | P91: =IF(OR(K91="",L91=""),"FALTA","OK")
A92: 91 | B92: PROENERGIM-091 | C92: QR INTERNO | D92: ALMACEN 2 | E92: EQUIPO | F92: PANELES SOLARES | I92: UND | J92: 2 | M92: =IF(OR(J92="",L92=""),"",ROUND(J92*L92,2)) | O92: EXCEL ORIGINAL | P92: =IF(OR(K92="",L92=""),"FALTA","OK")
A93: 92 | B93: PROENERGIM-092 | C93: QR INTERNO | D93: ALMACEN 2 | E93: EQUIPO | F93: KIT SOLAR | I93: UND | J93: 3 | M93: =IF(OR(J93="",L93=""),"",ROUND(J93*L93,2)) | O93: EXCEL ORIGINAL | P93: =IF(OR(K93="",L93=""),"FALTA","OK")
A94: 93 | B94: 6941545636351 | C94: FABRICA | D94: ALMACEN 2 | E94: EQUIPO | F94: CAMARA | G94: EZVIZ | H94: CS-H90 (EZH9044WKFL) | I94: UND | J94: 5 | M94: =IF(OR(J94="",L94=""),"",ROUND(J94*L94,2)) | O94: EXCEL ORIGINAL | P94: =IF(OR(K94="",L94=""),"FALTA","OK")
A95: 94 | B95: 6941545620923 | C95: FABRICA | D95: ALMACEN 2 | E95: EQUIPO | F95: CAMARA | G95: EZVIZ | H95: CS-EB8/SP (EZEB8SP3) | I95: UND | J95: 5 | M95: =IF(OR(J95="",L95=""),"",ROUND(J95*L95,2)) | O95: EXCEL ORIGINAL | P95: =IF(OR(K95="",L95=""),"FALTA","OK")
A96: 95 | B96: 3323-300 | C96: FABRICA | D96: ALMACEN 2 | E96: FERRETERIA | F96: REGILLAS | G96: WKDQ (Wonke Electric) | H96: Filtro 3323-300 | I96: UND | J96: 4 | M96: =IF(OR(J96="",L96=""),"",ROUND(J96*L96,2)) | O96: EXCEL ORIGINAL | P96: =IF(OR(K96="",L96=""),"FALTA","OK")
A97: 96 | B97: PROENERGIM-096 | C97: QR INTERNO | D97: ALMACEN 2 | E97: EQUIPO | F97: PANEL | I97: UND | J97: 1 | M97: =IF(OR(J97="",L97=""),"",ROUND(J97*L97,2)) | O97: EXCEL ORIGINAL | P97: =IF(OR(K97="",L97=""),"FALTA","OK")
A98: 97 | B98: PROENERGIM-097 | C98: QR INTERNO | D98: ALMACEN 2 | E98: FERRETERIA | F98: MULTIMETRO DIGITAL TRUPER MUT-50A | I98: UND | J98: 2 | M98: =IF(OR(J98="",L98=""),"",ROUND(J98*L98,2)) | O98: EXCEL ORIGINAL | P98: =IF(OR(K98="",L98=""),"FALTA","OK")
A99: 98 | B99: PROENERGIM-098 | C99: QR INTERNO | D99: ALMACEN 2 | E99: FERRETERIA | F99: CENSORES | I99: UND | J99: 10 | M99: =IF(OR(J99="",L99=""),"",ROUND(J99*L99,2)) | O99: EXCEL ORIGINAL | P99: =IF(OR(K99="",L99=""),"FALTA","OK")
A100: 99 | B100: PROENERGIM-099 | C100: QR INTERNO | D100: ALMACEN 2 | E100: FERRETERIA | F100: VENTILADOR - ALMACEN 2 | I100: UND | J100: 1 | M100: =IF(OR(J100="",L100=""),"",ROUND(J100*L100,2)) | O100: EXCEL ORIGINAL | P100: =IF(OR(K100="",L100=""),"FALTA","OK")
...

Sheet RESUMEN
A1: RESUMEN DE COSTOS — bd_v2
A3: Productos totales | B3: =COUNTA(INVENTARIO!A2:A133)
A4: del Excel original | B4: =COUNTIF(INVENTARIO!O2:O133,"EXCEL ORIGINAL")
A5: nuevos (hallados en las fotos) | B5: =COUNTIF(INVENTARIO!O2:O133,"NUEVO (FOTOS)")
A7: Con costo cargado | B7: =COUNTIF(INVENTARIO!P2:P133,"OK")
A8: FALTA costo o moneda | B8: =COUNTIF(INVENTARIO!P2:P133,"FALTA")
A10: VALORIZADO (solo lo que ya tiene costo)
A11: Total en DOLARES | B11: =SUMIF(INVENTARIO!K2:K133,"DOLARES",INVENTARIO!M2:M133)
A12: Total en SOLES | B12: =SUMIF(INVENTARIO!K2:K133,"SOLES",INVENTARIO!M2:M133)
A14: POR ALMACEN | B14: Productos | C14: Con costo | D14: Falta
A15: IMPORTADOS | B15: =COUNTIF(INVENTARIO!D2:D133,"IMPORTADOS") | C15: =COUNTIFS(INVENTARIO!D2:D133,"IMPORTADOS",INVENTARIO!P2:P133,"OK") | D15: =COUNTIFS(INVENTARIO!D2:D133,"IMPORTADOS",INVENTARIO!P2:P133,"FALTA")
A16: LAS MERCEDES | B16: =COUNTIF(INVENTARIO!D2:D133,"LAS MERCEDES") | C16: =COUNTIFS(INVENTARIO!D2:D133,"LAS MERCEDES",INVENTARIO!P2:P133,"OK") | D16: =COUNTIFS(INVENTARIO!D2:D133,"LAS MERCEDES",INVENTARIO!P2:P133,"FALTA")
A17: ALMACEN 2 | B17: =COUNTIF(INVENTARIO!D2:D133,"ALMACEN 2") | C17: =COUNTIFS(INVENTARIO!D2:D133,"ALMACEN 2",INVENTARIO!P2:P133,"OK") | D17: =COUNTIFS(INVENTARIO!D2:D133,"ALMACEN 2",INVENTARIO!P2:P133,"FALTA")
A18: POR DEFINIR | B18: =COUNTIF(INVENTARIO!D2:D133,"POR DEFINIR") | C18: =COUNTIFS(INVENTARIO!D2:D133,"POR DEFINIR",INVENTARIO!P2:P133,"OK") | D18: =COUNTIFS(INVENTARIO!D2:D133,"POR DEFINIR",INVENTARIO!P2:P133,"FALTA")
A21: COMO COMPLETARLO
A22: • Las celdas AMARILLAS son las que hay que llenar: MONEDA, CU y, en los nuevos, ALMACEN y STOCK.
A23: • CP y ESTADO se calculan solos con formula: no los edites.
A24: • ALMACEN, TIPO y MONEDA tienen lista desplegable.
A25: • Los ITEM con fondo NARANJA traen datos raros del Excel original: mira la hoja REVISAR.
A26: • Los productos con fondo VERDE son los 10 que no estaban en el Excel y si estan en la base.
A27: • No sumes DOLARES con SOLES: por eso el valorizado esta separado por moneda.

Sheet REVISAR
A1: ITEM | B1: PRODUCTO | C1: QUE PASA
A2: 16 | B2: Repuestos (2,2 kW, 5,5 kW, 11 kW) | C2: STOCK 0.04 y CP 4.00 no cuadran con CU 0.04: las columnas parecen corridas en el origen
A3: 29 | B3: PERNOS DE DOS GROSORES DOS CAJAS | C3: sin unidad de medida (UM) en el Excel original
A4: 72 | B4: PUNTERAS | C4: sin STOCK en el Excel original
A5: 74 | B5: NIVEL DE MANO | C5: la MONEDA decia "NO SIRVE" (parece el estado del equipo, no una moneda)
A6: 78 | B6: SOGA | C6: sin STOCK en el Excel original
